ID,AGE,SMOKER,CARBS,GENDER,T1,T2,T3,T4,T5,T6,T7,T8,T9,T10,T11,T12,_1,_2,_3,_4,_5,_6,_7,_8,_9,_10,_11,_12
1,34,1,-10,0,1,2,3,4,5,6,7,8,9,10,11,12,783,808,796,791,793,808,745,808,811,801,742,795
2,29,1,-11,0,1,2,3,4,5,6,7,8,9,10,11,12,817,816,833,837,827,838,785,824,863,871,790,747
3,40,0,-9,0,1,2,3,4,5,6,7,8,9,10,11,12,820,813,793,775,758,761,754,748,725,783,741,837
4,38,0,-11,0,1,2,3,4,5,6,7,8,9,10,11,12,786,738,706,750,719,672,718,735,690,719,726,796
5,27,1,-12,1,1,2,3,4,5,6,7,8,9,10,11,12,709,796,819,777,840,781,785,767,784,804,800,817
6,31,1,-9,1,1,2,3,4,5,6,7,8,9,10,11,12,769,796,822,807,790,754,745,762,791,824,820,818
7,31,1,-6,1,1,2,3,4,5,6,7,8,9,10,11,12,894,843,909,913,907,883,855,855,890,936,927,864
8,40,0,-11,0,1,2,3,4,5,6,7,8,9,10,11,12,709,754,741,775,780,825,802,808,784,832,827,796
9,42,0,-8,1,1,2,3,4,5,6,7,8,9,10,11,12,820,786,787,768,758,733,768,765,771,795,822,856
10,39,1,-5,0,1,2,3,4,5,6,7,8,9,10,11,12,829,858,865,836,807,797,758,702,702,807,761,822
11,38,0,-7,1,1,2,3,4,5,6,7,8,9,10,11,12,723,777,698,735,787,749,774,760,774,727,721,751
12,42,0,-10,0,1,2,3,4,5,6,7,8,9,10,11,12,710,820,784,762,807,813,804,818,804,799,778,820
13,34,0,-12,1,1,2,3,4,5,6,7,8,9,10,11,12,770,811,757,790,749,807,783,787,756,779,729,726
14,38,1,-11,1,1,2,3,4,5,6,7,8,9,10,11,12,797,758,747,793,783,799,709,801,779,795,763,752
15,32,0,-15,1,1,2,3,4,5,6,7,8,9,10,11,12,711,737,793,727,755,753,750,710,755,770,771,702
16,36,1,-8,0,1,2,3,4,5,6,7,8,9,10,11,12,925,832,867,846,824,889,866,753,730,824,834,785
17,43,0,-12,1,1,2,3,4,5,6,7,8,9,10,11,12,804,819,808,777,802,768,761,726,793,777,754,858
18,36,1,-9,0,1,2,3,4,5,6,7,8,9,10,11,12,810,805,798,812,813,825,768,773,781,721,765,793
19,37,0,-10,0,1,2,3,4,5,6,7,8,9,10,11,12,796,843,851,810,827,820,855,808,832,751,806,722
20,29,1,-11,1,1,2,3,4,5,6,7,8,9,10,11,12,730,791,794,751,766,729,697,721,744,760,732,800
21,32,1,-10,1,1,2,3,4,5,6,7,8,9,10,11,12,783,840,829,833,875,893,865,807,818,764,845,797
22,45,0,-11,0,1,2,3,4,5,6,7,8,9,10,11,12,725,778,802,760,790,824,805,775,826,740,817,768
23,35,0,-10,1,1,2,3,4,5,6,7,8,9,10,11,12,770,731,711,742,747,714,761,698,696,738,765,758
24,44,1,-9,0,1,2,3,4,5,6,7,8,9,10,11,12,820,803,845,810,764,838,827,751,738,825,825,878
25,30,0,-9,0,1,2,3,4,5,6,7,8,9,10,11,12,813,819,852,829,864,813,808,831,818,775,815,794
26,41,0,-7,0,1,2,3,4,5,6,7,8,9,10,11,12,918,863,819,853,855,834,883,877,855,811,829,871
27,43,1,-11,0,1,2,3,4,5,6,7,8,9,10,11,12,719,826,817,779,773,820,803,762,788,805,802,788
28,34,1,-12,0,1,2,3,4,5,6,7,8,9,10,11,12,786,792,769,797,796,802,749,765,784,789,795,725
29,40,1,-9,1,1,2,3,4,5,6,7,8,9,10,11,12,920,846,791,800,831,792,755,741,803,821,731,788
30,32,0,-12,1,1,2,3,4,5,6,7,8,9,10,11,12,770,824,809,738,810,774,758,721,739,712,709,744
31,37,1,-13,0,1,2,3,4,5,6,7,8,9,10,11,12,703,818,790,726,799,751,730,754,754,786,734,755
32,36,0,-11,1,1,2,3,4,5,6,7,8,9,10,11,12,770,774,806,776,827,750,766,751,815,774,772,749
33,41,1,-11,0,1,2,3,4,5,6,7,8,9,10,11,12,766,794,792,790,791,837,800,848,796,816,814,767
34,36,0,-8,1,1,2,3,4,5,6,7,8,9,10,11,12,770,837,782,807,802,839,785,882,811,820,762,743
35,41,0,-6,0,1,2,3,4,5,6,7,8,9,10,11,12,858,821,825,812,856,783,813,786,846,856,832,845
36,31,0,-7,1,1,2,3,4,5,6,7,8,9,10,11,12,900,830,875,887,861,854,847,822,833,832,848,806
37,31,0,-11,1,1,2,3,4,5,6,7,8,9,10,11,12,724,820,831,757,722,757,739,785,750,777,755,741
38,31,0,-10,0,1,2,3,4,5,6,7,8,9,10,11,12,873,745,820,768,822,850,803,758,735,798,829,812
39,29,0,-9,1,1,2,3,4,5,6,7,8,9,10,11,12,736,773,724,777,758,779,824,792,830,833,765,819
40,37,1,-10,1,1,2,3,4,5,6,7,8,9,10,11,12,783,830,756,775,679,801,802,790,668,791,770,750
41,32,1,-10,1,1,2,3,4,5,6,7,8,9,10,11,12,777,798,832,803,764,794,800,802,761,768,728,808
42,38,1,-9,0,1,2,3,4,5,6,7,8,9,10,11,12,812,768,860,801,867,881,845,796,803,846,840,794
43,38,1,-6,0,1,2,3,4,5,6,7,8,9,10,11,12,894,874,821,815,829,871,740,813,848,799,792,850
44,46,0,-9,0,1,2,3,4,5,6,7,8,9,10,11,12,824,847,790,749,736,713,741,719,770,802,716,756
45,34,1,-6,1,1,2,3,4,5,6,7,8,9,10,11,12,780,796,809,814,812,858,806,789,815,836,854,838
46,32,1,-10,1,1,2,3,4,5,6,7,8,9,10,11,12,709,767,783,801,783,806,759,747,829,804,817,791
47,31,1,-14,1,1,2,3,4,5,6,7,8,9,10,11,12,770,788,837,819,825,785,800,813,787,771,814,815
48,51,1,-14,1,1,2,3,4,5,6,7,8,9,10,11,12,715,688,714,730,684,673,732,725,730,704,680,673
49,41,1,-6,1,1,2,3,4,5,6,7,8,9,10,11,12,794,837,821,804,802,847,852,896,782,770,819,778
50,32,0,-4,1,1,2,3,4,5,6,7,8,9,10,11,12,956,816,877,817,903,899,872,933,910,837,915,811
51,36,1,-14,0,1,2,3,4,5,6,7,8,9,10,11,12,762,735,719,734,754,764,711,675,755,783,792,752
52,34,1,-11,1,1,2,3,4,5,6,7,8,9,10,11,12,770,834,776,831,839,804,842,819,816,801,770,789
53,44,1,-14,1,1,2,3,4,5,6,7,8,9,10,11,12,781,757,785,799,724,714,686,704,700,720,701,693
54,35,1,-5,0,1,2,3,4,5,6,7,8,9,10,11,12,775,878,834,897,853,854,836,847,812,904,878,865
55,46,0,-10,0,1,2,3,4,5,6,7,8,9,10,11,12,872,795,811,718,728,786,827,756,747,759,751,737
56,47,0,-10,0,1,2,3,4,5,6,7,8,9,10,11,12,813,797,819,783,702,791,768,805,769,783,808,786
57,37,1,-9,0,1,2,3,4,5,6,7,8,9,10,11,12,852,776,736,744,770,763,776,777,740,746,770,758
58,32,1,-7,0,1,2,3,4,5,6,7,8,9,10,11,12,792,879,817,860,796,824,872,841,842,914,830,905
59,38,1,-9,0,1,2,3,4,5,6,7,8,9,10,11,12,843,791,856,839,836,838,748,806,820,812,784,838
60,38,0,-14,1,1,2,3,4,5,6,7,8,9,10,11,12,770,825,791,728,789,774,750,755,757,731,785,756
61,22,1,-9,1,1,2,3,4,5,6,7,8,9,10,11,12,761,815,774,777,800,804,829,848,809,869,887,833
62,31,1,-13,1,1,2,3,4,5,6,7,8,9,10,11,12,811,795,814,808,811,811,814,775,740,734,757,830
63,36,1,-10,1,1,2,3,4,5,6,7,8,9,10,11,12,752,841,858,856,786,802,794,826,768,750,798,841
64,40,1,-8,1,1,2,3,4,5,6,7,8,9,10,11,12,808,807,794,779,754,787,762,719,759,816,757,784
65,38,1,-8,1,1,2,3,4,5,6,7,8,9,10,11,12,825,871,792,780,796,794,755,751,836,723,826,786
66,39,0,-10,0,1,2,3,4,5,6,7,8,9,10,11,12,746,766,817,805,819,795,772,790,784,808,811,794
67,39,1,-7,0,1,2,3,4,5,6,7,8,9,10,11,12,753,813,804,837,763,822,834,789,807,827,825,822
68,46,1,-11,1,1,2,3,4,5,6,7,8,9,10,11,12,767,860,794,802,798,752,750,760,740,731,739,770
69,28,1,-8,1,1,2,3,4,5,6,7,8,9,10,11,12,885,810,827,819,840,855,864,834,845,852,864,822
70,44,0,-12,0,1,2,3,4,5,6,7,8,9,10,11,12,715,725,787,801,796,793,765,763,754,773,815,722
71,35,0,-7,1,1,2,3,4,5,6,7,8,9,10,11,12,916,808,879,841,816,818,776,802,791,789,868,805
72,30,1,-9,0,1,2,3,4,5,6,7,8,9,10,11,12,801,818,689,732,747,710,756,729,647,732,762,838
73,47,0,-11,1,1,2,3,4,5,6,7,8,9,10,11,12,786,791,765,780,762,735,747,736,756,782,758,824
74,41,1,-9,1,1,2,3,4,5,6,7,8,9,10,11,12,819,802,838,856,855,837,875,864,849,797,851,771
75,29,0,-10,0,1,2,3,4,5,6,7,8,9,10,11,12,900,720,806,813,800,810,813,801,845,831,868,807
76,39,1,-13,0,1,2,3,4,5,6,7,8,9,10,11,12,704,855,808,867,808,769,741,749,810,800,787,741
77,40,1,-12,1,1,2,3,4,5,6,7,8,9,10,11,12,749,786,738,832,799,774,765,788,783,769,728,777
78,45,1,-11,0,1,2,3,4,5,6,7,8,9,10,11,12,718,818,833,855,783,809,812,786,819,855,841,845
79,32,0,-12,1,1,2,3,4,5,6,7,8,9,10,11,12,791,726,798,766,758,779,809,759,790,724,765,801
80,37,0,-12,1,1,2,3,4,5,6,7,8,9,10,11,12,819,777,797,738,773,752,700,722,753,730,760,690
81,36,1,-11,0,1,2,3,4,5,6,7,8,9,10,11,12,882,786,787,760,752,788,774,750,764,772,759,771
82,37,0,-11,0,1,2,3,4,5,6,7,8,9,10,11,12,837,798,773,770,767,776,765,803,780,738,807,689
83,44,1,-13,0,1,2,3,4,5,6,7,8,9,10,11,12,731,796,821,827,781,809,814,851,792,837,799,797
84,39,1,-10,1,1,2,3,4,5,6,7,8,9,10,11,12,799,824,817,797,790,797,782,779,774,771,862,772
85,34,0,-10,1,1,2,3,4,5,6,7,8,9,10,11,12,724,758,743,763,805,777,781,728,797,769,794,765
86,39,0,-11,0,1,2,3,4,5,6,7,8,9,10,11,12,770,813,782,735,713,745,777,747,754,770,802,816
87,35,1,-13,0,1,2,3,4,5,6,7,8,9,10,11,12,711,794,755,779,773,768,714,722,791,786,769,806
88,37,0,-8,1,1,2,3,4,5,6,7,8,9,10,11,12,829,862,813,841,810,826,826,759,795,821,826,820
89,32,0,-11,0,1,2,3,4,5,6,7,8,9,10,11,12,700,752,727,722,763,749,748,719,775,756,782,894
90,31,0,-11,1,1,2,3,4,5,6,7,8,9,10,11,12,787,817,773,789,817,777,746,755,797,799,818,795
91,32,1,-10,0,1,2,3,4,5,6,7,8,9,10,11,12,715,854,844,822,802,779,765,824,797,865,805,780
92,30,1,-10,1,1,2,3,4,5,6,7,8,9,10,11,12,934,871,891,903,866,854,869,847,768,829,796,859
93,37,0,-9,0,1,2,3,4,5,6,7,8,9,10,11,12,859,842,844,873,829,860,819,855,781,811,795,784
94,36,0,-10,0,1,2,3,4,5,6,7,8,9,10,11,12,770,826,802,810,805,794,830,813,819,799,812,844
95,47,0,-11,1,1,2,3,4,5,6,7,8,9,10,11,12,701,837,701,806,694,718,708,660,690,766,808,707
96,31,0,-9,0,1,2,3,4,5,6,7,8,9,10,11,12,924,814,845,840,828,835,839,856,799,816,805,872
97,34,1,-6,1,1,2,3,4,5,6,7,8,9,10,11,12,826,849,902,846,911,888,932,877,824,855,871,817
98,36,1,-14,0,1,2,3,4,5,6,7,8,9,10,11,12,770,698,760,782,820,750,707,804,756,723,726,706
99,38,0,-14,0,1,2,3,4,5,6,7,8,9,10,11,12,792,760,795,755,773,785,766,763,773,720,747,738
100,39,1,-9,1,1,2,3,4,5,6,7,8,9,10,11,12,865,819,851,806,866,846,800,865,783,815,843,823
101,39,0,-7,0,1,2,3,4,5,6,7,8,9,10,11,12,834,819,858,827,833,867,838,811,807,852,846,844
102,46,1,-14,0,1,2,3,4,5,6,7,8,9,10,11,12,770,748,696,715,686,679,779,713,731,771,791,768
103,35,1,-10,1,1,2,3,4,5,6,7,8,9,10,11,12,741,790,805,791,741,816,783,805,860,818,786,817
104,35,1,-11,1,1,2,3,4,5,6,7,8,9,10,11,12,785,794,740,750,784,780,730,739,754,761,749,819
105,37,0,-12,0,1,2,3,4,5,6,7,8,9,10,11,12,782,768,751,768,773,797,712,775,773,780,813,829
106,36,1,-7,1,1,2,3,4,5,6,7,8,9,10,11,12,848,832,801,804,807,774,761,769,810,801,833,799
107,39,0,-9,1,1,2,3,4,5,6,7,8,9,10,11,12,760,841,839,860,859,909,825,793,824,825,827,855
108,44,0,-5,0,1,2,3,4,5,6,7,8,9,10,11,12,834,837,825,813,835,813,841,845,846,860,836,900
109,38,0,-10,0,1,2,3,4,5,6,7,8,9,10,11,12,761,808,765,751,724,774,689,762,766,715,730,738
110,34,1,-9,0,1,2,3,4,5,6,7,8,9,10,11,12,910,811,814,797,826,844,866,900,854,804,805,893
111,38,1,-7,1,1,2,3,4,5,6,7,8,9,10,11,12,791,823,797,864,765,797,747,812,821,797,767,771
112,44,1,-11,0,1,2,3,4,5,6,7,8,9,10,11,12,781,809,787,757,759,775,724,732,731,789,769,816
113,39,0,-7,1,1,2,3,4,5,6,7,8,9,10,11,12,978,854,867,855,849,845,835,814,778,806,874,845
114,35,0,-12,1,1,2,3,4,5,6,7,8,9,10,11,12,716,815,808,737,773,739,703,715,726,683,748,689
115,33,0,-12,0,1,2,3,4,5,6,7,8,9,10,11,12,705,779,810,738,805,763,772,763,786,737,783,746
116,38,0,-9,1,1,2,3,4,5,6,7,8,9,10,11,12,862,816,807,801,733,791,782,782,785,754,751,724
117,39,0,-9,1,1,2,3,4,5,6,7,8,9,10,11,12,761,840,853,855,830,791,788,766,773,816,734,780
118,37,0,-13,0,1,2,3,4,5,6,7,8,9,10,11,12,770,783,850,803,843,774,724,747,769,719,729,713
119,42,1,-12,0,1,2,3,4,5,6,7,8,9,10,11,12,784,792,744,737,733,745,732,700,728,721,706,786
120,34,1,-7,1,1,2,3,4,5,6,7,8,9,10,11,12,932,860,855,880,842,824,870,825,879,826,866,860
121,33,1,-12,0,1,2,3,4,5,6,7,8,9,10,11,12,780,762,854,792,803,824,816,851,898,769,831,833
122,39,0,-11,1,1,2,3,4,5,6,7,8,9,10,11,12,857,825,815,790,819,724,733,746,724,817,745,702
123,45,0,-9,1,1,2,3,4,5,6,7,8,9,10,11,12,766,841,851,892,868,850,850,800,780,854,810,789
124,41,1,-8,0,1,2,3,4,5,6,7,8,9,10,11,12,770,829,892,879,837,854,851,836,826,851,856,822
125,29,1,-11,1,1,2,3,4,5,6,7,8,9,10,11,12,775,801,815,783,865,845,872,835,815,785,821,802
126,29,0,-8,0,1,2,3,4,5,6,7,8,9,10,11,12,859,774,800,780,821,765,806,750,799,757,778,775
127,29,1,-11,0,1,2,3,4,5,6,7,8,9,10,11,12,870,781,790,831,816,759,777,825,832,844,814,893
128,40,0,-13,0,1,2,3,4,5,6,7,8,9,10,11,12,866,715,686,742,685,742,685,759,740,748,728,766
129,38,1,-9,0,1,2,3,4,5,6,7,8,9,10,11,12,790,803,785,779,777,791,772,718,775,781,771,782
130,40,1,-13,0,1,2,3,4,5,6,7,8,9,10,11,12,930,812,832,817,810,847,835,823,826,826,779,826
131,38,0,-11,1,1,2,3,4,5,6,7,8,9,10,11,12,718,766,718,718,741,750,802,751,743,763,722,779
132,40,1,-8,1,1,2,3,4,5,6,7,8,9,10,11,12,826,842,851,818,800,782,824,766,771,806,879,855
133,42,0,-9,0,1,2,3,4,5,6,7,8,9,10,11,12,900,848,825,851,853,821,793,839,809,867,792,810
134,44,1,-9,1,1,2,3,4,5,6,7,8,9,10,11,12,764,809,714,763,789,760,770,772,720,754,747,761
135,46,0,-13,1,1,2,3,4,5,6,7,8,9,10,11,12,720,732,737,726,757,745,775,772,720,764,717,742
136,40,1,-10,1,1,2,3,4,5,6,7,8,9,10,11,12,783,758,778,820,811,833,743,833,770,809,793,721
137,44,1,-11,0,1,2,3,4,5,6,7,8,9,10,11,12,776,806,764,759,741,735,759,807,707,765,730,780
138,37,1,-12,1,1,2,3,4,5,6,7,8,9,10,11,12,751,820,831,794,819,839,810,785,742,775,766,739
139,41,0,-8,1,1,2,3,4,5,6,7,8,9,10,11,12,857,816,781,744,790,803,795,801,760,750,823,819
140,39,1,-10,1,1,2,3,4,5,6,7,8,9,10,11,12,745,725,788,813,776,840,783,837,794,798,818,853
141,34,0,-6,0,1,2,3,4,5,6,7,8,9,10,11,12,867,819,792,813,833,894,864,871,873,877,837,837
142,36,1,-11,0,1,2,3,4,5,6,7,8,9,10,11,12,703,800,718,786,769,798,776,778,780,780,783,777
143,37,0,-12,1,1,2,3,4,5,6,7,8,9,10,11,12,838,820,829,836,804,810,809,828,806,794,791,821
144,37,1,-7,0,1,2,3,4,5,6,7,8,9,10,11,12,874,865,803,847,792,832,863,841,741,787,900,818
145,41,1,-13,0,1,2,3,4,5,6,7,8,9,10,11,12,754,812,780,833,804,783,767,829,725,757,844,812
146,36,1,-14,1,1,2,3,4,5,6,7,8,9,10,11,12,770,863,854,807,797,730,752,742,732,761,800,763
147,31,0,-9,1,1,2,3,4,5,6,7,8,9,10,11,12,842,823,841,829,828,789,818,835,826,830,820,830
148,42,1,-7,0,1,2,3,4,5,6,7,8,9,10,11,12,784,820,823,807,788,815,799,850,883,840,784,841
149,36,0,-12,1,1,2,3,4,5,6,7,8,9,10,11,12,772,769,746,746,748,741,768,749,750,755,809,780
150,39,0,-13,0,1,2,3,4,5,6,7,8,9,10,11,12,760,717,744,710,715,733,696,705,676,659,707,773
151,45,1,-10,1,1,2,3,4,5,6,7,8,9,10,11,12,770,816,803,824,861,860,853,818,854,823,896,808
152,32,1,-4,0,1,2,3,4,5,6,7,8,9,10,11,12,1003,976,903,904,856,853,872,867,856,864,841,829
153,40,1,-8,1,1,2,3,4,5,6,7,8,9,10,11,12,876,839,761,792,851,835,794,807,789,803,786,805
154,34,0,-11,0,1,2,3,4,5,6,7,8,9,10,11,12,736,752,792,828,837,826,697,786,797,776,768,718
155,35,1,-11,0,1,2,3,4,5,6,7,8,9,10,11,12,816,862,894,860,874,897,862,824,872,820,792,779
156,42,1,-6,1,1,2,3,4,5,6,7,8,9,10,11,12,853,840,857,852,911,835,785,851,845,867,841,886
157,41,0,-13,1,1,2,3,4,5,6,7,8,9,10,11,12,734,773,809,745,796,768,858,758,834,747,761,819
158,35,1,-12,0,1,2,3,4,5,6,7,8,9,10,11,12,732,837,766,792,807,813,846,767,822,763,713,740
159,38,0,-12,1,1,2,3,4,5,6,7,8,9,10,11,12,841,698,775,741,768,768,710,789,777,703,758,798
160,36,0,-11,0,1,2,3,4,5,6,7,8,9,10,11,12,869,758,746,779,807,829,758,822,749,780,751,777
161,33,0,-10,0,1,2,3,4,5,6,7,8,9,10,11,12,782,789,757,794,731,782,773,807,785,787,832,877
162,36,0,-9,0,1,2,3,4,5,6,7,8,9,10,11,12,746,829,787,812,862,811,776,817,805,818,901,837
163,37,1,-9,0,1,2,3,4,5,6,7,8,9,10,11,12,835,815,814,843,833,813,815,787,855,837,839,782
164,36,0,-7,0,1,2,3,4,5,6,7,8,9,10,11,12,786,815,808,764,790,809,736,780,759,790,785,798
165,42,1,-9,0,1,2,3,4,5,6,7,8,9,10,11,12,888,820,771,810,787,808,722,803,785,814,801,814
166,32,1,-10,0,1,2,3,4,5,6,7,8,9,10,11,12,807,785,871,863,829,885,889,868,889,808,894,837
167,39,0,-15,1,1,2,3,4,5,6,7,8,9,10,11,12,770,774,755,728,748,721,748,703,729,771,738,798
168,42,1,-12,0,1,2,3,4,5,6,7,8,9,10,11,12,807,747,727,735,736,808,791,801,773,825,757,718
169,26,1,-8,0,1,2,3,4,5,6,7,8,9,10,11,12,793,803,886,832,850,849,873,811,871,861,817,828
170,35,1,-11,1,1,2,3,4,5,6,7,8,9,10,11,12,825,778,839,793,880,804,781,834,800,770,744,705
171,34,0,-13,0,1,2,3,4,5,6,7,8,9,10,11,12,770,750,718,725,754,787,759,759,703,759,744,728
172,32,0,-10,1,1,2,3,4,5,6,7,8,9,10,11,12,822,864,898,849,792,829,748,827,798,749,786,760
173,42,1,-10,1,1,2,3,4,5,6,7,8,9,10,11,12,833,793,803,746,762,747,759,782,762,800,773,848
174,35,0,-10,0,1,2,3,4,5,6,7,8,9,10,11,12,758,781,806,774,796,796,776,822,751,732,755,779
175,37,0,-10,1,1,2,3,4,5,6,7,8,9,10,11,12,860,797,781,740,764,753,768,764,743,762,800,769
176,42,1,-11,1,1,2,3,4,5,6,7,8,9,10,11,12,798,816,815,795,834,816,793,838,751,820,763,811
177,39,1,-9,0,1,2,3,4,5,6,7,8,9,10,11,12,782,796,766,778,773,766,750,758,754,804,808,829
178,48,0,-13,0,1,2,3,4,5,6,7,8,9,10,11,12,718,783,753,801,752,780,792,798,795,793,805,695
179,42,1,-10,0,1,2,3,4,5,6,7,8,9,10,11,12,770,806,782,793,820,778,828,792,786,834,791,802
180,38,1,-12,1,1,2,3,4,5,6,7,8,9,10,11,12,790,775,811,817,787,781,768,756,763,788,833,843
181,39,0,-12,0,1,2,3,4,5,6,7,8,9,10,11,12,706,722,785,792,736,757,718,738,774,767,836,822
182,36,1,-8,1,1,2,3,4,5,6,7,8,9,10,11,12,889,770,786,834,794,782,827,872,791,851,793,730
183,33,1,-13,1,1,2,3,4,5,6,7,8,9,10,11,12,702,809,687,737,745,784,687,746,745,795,772,732
184,40,1,-11,0,1,2,3,4,5,6,7,8,9,10,11,12,788,755,752,757,780,769,791,847,839,808,760,762
185,37,1,-14,1,1,2,3,4,5,6,7,8,9,10,11,12,739,789,768,775,788,773,806,726,710,765,770,755
186,41,0,-9,0,1,2,3,4,5,6,7,8,9,10,11,12,762,806,788,821,806,796,791,784,782,721,736,745
187,40,0,-14,0,1,2,3,4,5,6,7,8,9,10,11,12,770,743,760,804,686,782,753,726,700,734,725,679
188,37,1,-16,0,1,2,3,4,5,6,7,8,9,10,11,12,770,691,689,666,736,742,739,733,784,755,758,636
189,39,1,-13,1,1,2,3,4,5,6,7,8,9,10,11,12,768,858,816,832,857,832,810,812,799,731,747,762
190,38,0,-8,0,1,2,3,4,5,6,7,8,9,10,11,12,875,820,800,792,824,800,763,834,843,810,844,806
191,43,1,-8,0,1,2,3,4,5,6,7,8,9,10,11,12,748,853,845,817,864,828,832,899,901,853,839,784
192,43,1,-10,0,1,2,3,4,5,6,7,8,9,10,11,12,791,854,783,800,779,753,767,776,762,727,823,747
193,31,0,-9,0,1,2,3,4,5,6,7,8,9,10,11,12,861,840,907,839,881,842,864,850,863,803,795,819
194,46,1,-15,0,1,2,3,4,5,6,7,8,9,10,11,12,700,742,767,745,736,767,727,700,720,747,723,774
195,35,0,-8,0,1,2,3,4,5,6,7,8,9,10,11,12,857,871,815,876,828,823,857,801,855,860,844,848
196,36,0,-5,0,1,2,3,4,5,6,7,8,9,10,11,12,864,857,882,838,840,857,880,819,826,783,865,813
197,42,0,-12,0,1,2,3,4,5,6,7,8,9,10,11,12,813,820,794,767,788,736,774,757,760,814,772,774
198,34,1,-13,1,1,2,3,4,5,6,7,8,9,10,11,12,800,791,751,781,720,738,682,670,698,865,717,684
199,35,0,-6,1,1,2,3,4,5,6,7,8,9,10,11,12,825,827,837,839,805,789,773,874,772,878,851,819
200,37,0,-12,0,1,2,3,4,5,6,7,8,9,10,11,12,772,810,749,768,776,735,814,774,838,811,785,804
201,31,1,-9,1,1,2,3,4,5,6,7,8,9,10,11,12,701,870,781,864,815,851,836,889,796,847,855,805
202,21,1,-10,0,1,2,3,4,5,6,7,8,9,10,11,12,770,794,736,819,784,790,790,772,815,797,724,773
203,33,0,-11,1,1,2,3,4,5,6,7,8,9,10,11,12,803,862,839,783,808,805,836,831,742,753,781,719
204,27,1,-10,0,1,2,3,4,5,6,7,8,9,10,11,12,808,826,826,778,811,797,826,797,839,830,824,811
205,40,1,-11,0,1,2,3,4,5,6,7,8,9,10,11,12,769,812,832,755,791,780,783,716,769,733,790,770
206,32,1,-12,1,1,2,3,4,5,6,7,8,9,10,11,12,727,842,860,817,865,834,900,791,825,792,824,839
207,39,0,-10,1,1,2,3,4,5,6,7,8,9,10,11,12,733,821,749,804,779,795,850,825,792,780,848,772
208,35,0,-9,1,1,2,3,4,5,6,7,8,9,10,11,12,748,814,793,846,832,847,828,865,800,860,903,902
209,40,1,-11,1,1,2,3,4,5,6,7,8,9,10,11,12,800,773,787,779,805,830,862,836,767,812,820,790
210,41,0,-10,0,1,2,3,4,5,6,7,8,9,10,11,12,803,806,751,776,722,762,749,775,746,756,794,877
211,28,1,-16,1,1,2,3,4,5,6,7,8,9,10,11,12,770,854,753,767,805,706,722,748,745,725,688,707
212,42,0,-11,1,1,2,3,4,5,6,7,8,9,10,11,12,817,772,739,722,677,731,688,690,735,739,743,707
213,45,1,-13,0,1,2,3,4,5,6,7,8,9,10,11,12,770,752,797,783,836,764,761,810,743,800,813,821
214,37,0,-8,1,1,2,3,4,5,6,7,8,9,10,11,12,846,793,801,796,814,745,814,809,741,794,777,864
215,42,0,-11,1,1,2,3,4,5,6,7,8,9,10,11,12,770,748,794,786,747,804,783,792,812,842,853,811
216,36,0,-9,1,1,2,3,4,5,6,7,8,9,10,11,12,791,773,739,768,813,733,726,818,771,777,748,745
217,47,1,-11,0,1,2,3,4,5,6,7,8,9,10,11,12,765,845,846,866,897,771,788,827,847,819,810,774
218,27,0,-8,0,1,2,3,4,5,6,7,8,9,10,11,12,811,724,794,767,816,819,806,787,837,781,777,793
219,40,1,-12,0,1,2,3,4,5,6,7,8,9,10,11,12,808,840,790,794,778,784,771,786,822,750,815,795
220,52,0,-13,0,1,2,3,4,5,6,7,8,9,10,11,12,770,711,704,691,710,743,720,694,673,717,676,798
221,45,1,-9,0,1,2,3,4,5,6,7,8,9,10,11,12,945,876,857,879,877,837,806,897,866,890,920,810
222,42,0,-8,0,1,2,3,4,5,6,7,8,9,10,11,12,770,763,765,773,800,799,763,803,740,797,808,701
223,34,0,-14,1,1,2,3,4,5,6,7,8,9,10,11,12,770,859,775,839,785,817,835,819,806,811,805,858
224,41,0,-7,0,1,2,3,4,5,6,7,8,9,10,11,12,768,830,844,879,836,833,803,828,802,815,707,692
225,34,1,-11,1,1,2,3,4,5,6,7,8,9,10,11,12,744,805,840,800,766,738,789,711,694,744,740,729
226,32,0,-10,1,1,2,3,4,5,6,7,8,9,10,11,12,719,818,821,785,794,789,812,791,737,794,769,791
227,40,1,-8,0,1,2,3,4,5,6,7,8,9,10,11,12,934,880,877,862,855,829,816,785,864,797,806,813
228,49,0,-9,0,1,2,3,4,5,6,7,8,9,10,11,12,758,801,773,778,751,773,807,806,776,838,788,819
229,44,0,-8,0,1,2,3,4,5,6,7,8,9,10,11,12,763,830,813,819,730,755,749,798,781,760,755,774
230,41,0,-13,1,1,2,3,4,5,6,7,8,9,10,11,12,775,833,785,803,742,714,707,745,759,766,827,759
231,43,1,-10,1,1,2,3,4,5,6,7,8,9,10,11,12,761,833,836,818,874,826,817,820,829,837,865,878
232,39,1,-10,0,1,2,3,4,5,6,7,8,9,10,11,12,822,868,822,778,782,803,815,837,778,765,821,827
233,35,1,-8,1,1,2,3,4,5,6,7,8,9,10,11,12,886,802,838,829,862,807,788,839,891,793,835,826
234,19,0,-10,1,1,2,3,4,5,6,7,8,9,10,11,12,861,804,769,842,717,745,732,763,725,794,763,710
235,37,1,-9,0,1,2,3,4,5,6,7,8,9,10,11,12,728,773,799,826,805,803,777,877,850,819,812,764
236,33,1,-8,0,1,2,3,4,5,6,7,8,9,10,11,12,782,826,786,686,750,785,832,801,830,774,815,799
237,31,1,-13,1,1,2,3,4,5,6,7,8,9,10,11,12,771,796,789,800,791,772,805,814,766,776,771,718
238,35,1,-11,0,1,2,3,4,5,6,7,8,9,10,11,12,753,770,743,792,780,769,769,782,756,777,776,856
239,46,0,-11,1,1,2,3,4,5,6,7,8,9,10,11,12,770,780,793,748,752,800,725,752,736,764,796,806
240,37,1,-10,0,1,2,3,4,5,6,7,8,9,10,11,12,827,799,783,768,819,766,782,805,811,731,766,755
241,40,0,-8,1,1,2,3,4,5,6,7,8,9,10,11,12,813,773,765,768,771,791,830,771,746,795,726,779
242,37,0,-8,1,1,2,3,4,5,6,7,8,9,10,11,12,790,841,811,765,728,816,857,863,793,758,798,786
243,41,0,-8,0,1,2,3,4,5,6,7,8,9,10,11,12,881,782,796,827,789,862,883,816,800,767,786,805
244,41,1,-12,1,1,2,3,4,5,6,7,8,9,10,11,12,790,786,804,711,799,800,732,764,745,736,717,733
245,34,0,-15,1,1,2,3,4,5,6,7,8,9,10,11,12,770,758,718,736,706,703,677,723,726,689,679,708
246,36,0,-13,1,1,2,3,4,5,6,7,8,9,10,11,12,760,788,822,799,837,832,869,757,777,783,780,738
247,43,0,-12,0,1,2,3,4,5,6,7,8,9,10,11,12,762,763,807,757,841,804,751,751,805,790,772,745
248,37,0,-12,0,1,2,3,4,5,6,7,8,9,10,11,12,764,823,769,765,751,739,776,732,708,752,690,696
249,32,0,-13,1,1,2,3,4,5,6,7,8,9,10,11,12,707,758,756,767,761,731,732,799,768,754,758,800
250,29,1,-10,1,1,2,3,4,5,6,7,8,9,10,11,12,795,827,759,821,795,802,808,845,814,832,860,830
251,26,0,-8,0,1,2,3,4,5,6,7,8,9,10,11,12,1039,824,793,791,754,809,774,833,770,776,788,808
252,39,1,-10,1,1,2,3,4,5,6,7,8,9,10,11,12,822,740,768,760,806,786,792,792,809,788,842,838
253,40,1,-9,1,1,2,3,4,5,6,7,8,9,10,11,12,764,839,807,811,807,812,852,774,785,835,819,832
254,40,0,-10,1,1,2,3,4,5,6,7,8,9,10,11,12,850,832,846,852,840,833,847,868,819,765,872,848
255,40,0,-10,1,1,2,3,4,5,6,7,8,9,10,11,12,739,767,813,807,793,816,849,784,812,768,846,881
256,46,0,-7,1,1,2,3,4,5,6,7,8,9,10,11,12,742,755,820,780,738,814,802,760,782,785,779,787
257,35,1,-9,1,1,2,3,4,5,6,7,8,9,10,11,12,819,858,820,782,795,836,817,812,823,787,852,786
258,42,1,-8,1,1,2,3,4,5,6,7,8,9,10,11,12,894,827,821,825,805,804,830,837,839,783,823,796
259,41,1,-12,0,1,2,3,4,5,6,7,8,9,10,11,12,800,809,829,784,736,761,792,729,689,739,750,767
260,36,1,-11,1,1,2,3,4,5,6,7,8,9,10,11,12,793,824,870,857,861,866,806,846,754,842,802,835
261,33,0,-11,0,1,2,3,4,5,6,7,8,9,10,11,12,731,749,770,728,819,702,694,787,772,790,727,751
262,38,1,-8,0,1,2,3,4,5,6,7,8,9,10,11,12,816,816,834,807,860,794,816,845,825,804,836,806
263,42,1,-11,1,1,2,3,4,5,6,7,8,9,10,11,12,739,803,791,777,785,804,812,846,822,802,793,800
264,37,0,-10,0,1,2,3,4,5,6,7,8,9,10,11,12,813,855,814,816,751,787,789,835,822,740,725,776
265,26,0,-7,0,1,2,3,4,5,6,7,8,9,10,11,12,893,917,863,795,836,850,860,803,852,807,769,818
266,41,1,-10,0,1,2,3,4,5,6,7,8,9,10,11,12,748,875,875,867,821,798,837,860,834,785,820,872
267,37,1,-12,1,1,2,3,4,5,6,7,8,9,10,11,12,770,777,789,753,806,785,742,793,865,765,705,722
268,41,0,-10,0,1,2,3,4,5,6,7,8,9,10,11,12,815,840,814,801,785,761,800,797,840,791,790,896
269,41,1,-9,0,1,2,3,4,5,6,7,8,9,10,11,12,739,809,830,792,797,798,860,817,780,788,813,837
270,36,0,-11,0,1,2,3,4,5,6,7,8,9,10,11,12,763,862,821,854,771,828,787,816,839,804,719,716
271,39,1,-5,0,1,2,3,4,5,6,7,8,9,10,11,12,1079,900,844,852,798,820,822,791,781,857,844,819
272,39,1,-11,1,1,2,3,4,5,6,7,8,9,10,11,12,770,755,745,725,801,775,757,788,810,751,758,770
273,29,0,-8,1,1,2,3,4,5,6,7,8,9,10,11,12,841,863,836,785,765,753,799,783,757,739,807,822
274,30,0,-7,1,1,2,3,4,5,6,7,8,9,10,11,12,890,844,844,818,832,843,791,818,840,814,816,820
275,35,0,-8,1,1,2,3,4,5,6,7,8,9,10,11,12,782,782,803,809,760,822,805,865,846,769,815,813
276,37,1,-9,0,1,2,3,4,5,6,7,8,9,10,11,12,872,941,880,861,887,811,789,789,815,804,864,734
277,39,0,-15,0,1,2,3,4,5,6,7,8,9,10,11,12,722,707,720,690,679,710,627,652,723,696,674,672
278,36,0,-6,1,1,2,3,4,5,6,7,8,9,10,11,12,870,822,823,844,774,803,868,820,793,756,799,813
279,39,1,-9,1,1,2,3,4,5,6,7,8,9,10,11,12,862,804,786,809,767,766,800,780,725,833,760,862
280,35,1,-8,0,1,2,3,4,5,6,7,8,9,10,11,12,851,882,909,845,886,789,817,778,842,786,794,802
281,45,0,-11,0,1,2,3,4,5,6,7,8,9,10,11,12,751,827,767,797,813,713,740,807,828,776,720,760
282,41,1,-10,1,1,2,3,4,5,6,7,8,9,10,11,12,853,797,809,812,740,767,825,774,776,729,738,740
283,31,1,-12,0,1,2,3,4,5,6,7,8,9,10,11,12,835,850,810,792,803,803,750,851,835,811,819,806
284,37,0,-14,1,1,2,3,4,5,6,7,8,9,10,11,12,784,761,828,789,821,793,817,780,815,778,795,812
285,33,0,-8,0,1,2,3,4,5,6,7,8,9,10,11,12,868,871,847,784,831,837,850,739,827,780,907,861
286,49,0,-7,0,1,2,3,4,5,6,7,8,9,10,11,12,756,838,799,759,790,794,741,786,754,739,692,779
287,45,0,-10,0,1,2,3,4,5,6,7,8,9,10,11,12,714,819,818,765,803,779,815,792,812,780,777,818
288,45,1,-13,1,1,2,3,4,5,6,7,8,9,10,11,12,765,771,792,821,792,785,750,767,826,759,774,776
289,36,0,-11,1,1,2,3,4,5,6,7,8,9,10,11,12,736,770,781,771,826,860,827,840,887,858,876,863
290,39,1,-14,0,1,2,3,4,5,6,7,8,9,10,11,12,720,768,743,790,800,782,716,765,763,776,735,744
291,35,0,-10,0,1,2,3,4,5,6,7,8,9,10,11,12,730,798,815,785,793,758,804,760,833,778,807,772
292,34,0,-9,0,1,2,3,4,5,6,7,8,9,10,11,12,757,798,760,765,737,748,737,762,703,738,725,831
293,38,0,-8,1,1,2,3,4,5,6,7,8,9,10,11,12,796,824,848,809,800,828,809,837,813,834,834,885
294,30,0,-11,1,1,2,3,4,5,6,7,8,9,10,11,12,845,775,849,773,773,811,766,752,804,797,801,867
295,44,0,-11,1,1,2,3,4,5,6,7,8,9,10,11,12,874,716,775,761,724,736,787,768,771,718,783,737
296,32,0,-9,0,1,2,3,4,5,6,7,8,9,10,11,12,743,811,786,764,759,798,805,777,772,756,782,784
297,42,0,-10,1,1,2,3,4,5,6,7,8,9,10,11,12,711,818,771,763,727,739,723,737,702,734,718,677
298,38,0,-13,1,1,2,3,4,5,6,7,8,9,10,11,12,770,738,747,753,738,711,682,696,678,762,721,776
299,48,0,-11,1,1,2,3,4,5,6,7,8,9,10,11,12,761,780,759,765,798,761,800,756,774,822,733,739
300,38,0,-8,1,1,2,3,4,5,6,7,8,9,10,11,12,825,764,819,793,803,840,835,861,775,769,800,792
301,38,0,-7,0,1,2,3,4,5,6,7,8,9,10,11,12,830,824,820,783,795,836,816,791,841,804,877,811
302,41,0,-10,0,1,2,3,4,5,6,7,8,9,10,11,12,784,758,782,768,798,816,816,806,851,797,853,909
303,27,1,-8,1,1,2,3,4,5,6,7,8,9,10,11,12,811,829,821,832,814,857,825,912,887,898,899,874
304,36,0,-10,1,1,2,3,4,5,6,7,8,9,10,11,12,758,824,783,779,785,783,811,754,704,824,813,712
305,38,0,-11,1,1,2,3,4,5,6,7,8,9,10,11,12,859,754,786,779,777,754,793,816,823,784,814,809
306,40,0,-11,0,1,2,3,4,5,6,7,8,9,10,11,12,953,792,817,863,825,807,848,791,765,784,789,779
307,42,1,-11,0,1,2,3,4,5,6,7,8,9,10,11,12,757,737,768,736,770,759,793,742,731,781,732,768
308,34,1,-15,0,1,2,3,4,5,6,7,8,9,10,11,12,770,730,794,764,733,759,798,758,755,750,702,744
309,41,0,-10,0,1,2,3,4,5,6,7,8,9,10,11,12,833,798,846,799,808,772,732,752,757,732,759,775
310,36,1,-8,0,1,2,3,4,5,6,7,8,9,10,11,12,890,836,818,845,835,822,794,835,843,798,773,832
311,30,1,-9,0,1,2,3,4,5,6,7,8,9,10,11,12,773,772,777,796,828,839,801,813,794,807,810,789
312,36,1,-10,1,1,2,3,4,5,6,7,8,9,10,11,12,1046,851,826,861,841,870,823,838,819,809,836,778
313,41,0,-7,0,1,2,3,4,5,6,7,8,9,10,11,12,941,843,786,834,828,800,800,849,842,856,839,792
314,43,0,-11,0,1,2,3,4,5,6,7,8,9,10,11,12,786,770,767,765,791,705,738,680,754,757,714,798
315,37,1,-11,1,1,2,3,4,5,6,7,8,9,10,11,12,856,788,835,814,831,747,772,743,744,775,843,764
316,28,0,-11,0,1,2,3,4,5,6,7,8,9,10,11,12,846,794,858,780,837,782,794,819,792,810,835,726
317,35,0,-13,0,1,2,3,4,5,6,7,8,9,10,11,12,777,847,740,815,742,758,717,705,786,724,802,765
318,41,0,-14,0,1,2,3,4,5,6,7,8,9,10,11,12,733,778,766,771,761,749,749,793,747,763,763,722
319,34,0,-10,1,1,2,3,4,5,6,7,8,9,10,11,12,768,825,800,801,793,789,798,737,745,781,779,828
320,47,0,-14,1,1,2,3,4,5,6,7,8,9,10,11,12,770,785,802,697,736,653,743,706,727,694,760,723
321,40,0,-8,1,1,2,3,4,5,6,7,8,9,10,11,12,736,755,740,773,735,760,808,802,719,850,829,851
322,43,1,-10,1,1,2,3,4,5,6,7,8,9,10,11,12,759,809,860,855,826,822,851,921,833,858,893,856
323,39,1,-8,0,1,2,3,4,5,6,7,8,9,10,11,12,950,819,830,843,822,801,747,810,811,854,836,812
324,34,0,-10,0,1,2,3,4,5,6,7,8,9,10,11,12,762,757,780,776,787,771,743,731,749,786,762,763
325,42,0,-12,1,1,2,3,4,5,6,7,8,9,10,11,12,774,743,828,761,748,765,802,774,767,779,721,769
326,42,0,-14,1,1,2,3,4,5,6,7,8,9,10,11,12,715,726,771,682,699,770,760,727,708,776,800,720
327,36,0,-4,0,1,2,3,4,5,6,7,8,9,10,11,12,826,886,838,811,849,816,903,812,812,872,843,805
328,42,1,-15,0,1,2,3,4,5,6,7,8,9,10,11,12,727,735,772,739,824,774,747,737,734,741,751,759
329,45,0,-7,1,1,2,3,4,5,6,7,8,9,10,11,12,729,868,811,841,824,833,876,832,779,880,805,674
330,29,0,-6,0,1,2,3,4,5,6,7,8,9,10,11,12,798,801,854,748,895,774,830,797,826,848,910,819
331,34,0,-11,0,1,2,3,4,5,6,7,8,9,10,11,12,806,797,803,842,820,776,832,819,774,786,816,853
332,38,1,-10,1,1,2,3,4,5,6,7,8,9,10,11,12,719,764,763,799,786,781,798,840,778,833,863,799
333,44,0,-14,0,1,2,3,4,5,6,7,8,9,10,11,12,781,749,801,771,843,755,797,764,770,754,751,781
334,42,1,-9,0,1,2,3,4,5,6,7,8,9,10,11,12,770,836,791,790,782,799,734,759,779,699,736,859
335,39,0,-10,1,1,2,3,4,5,6,7,8,9,10,11,12,770,857,813,787,783,743,742,798,794,791,868,822
336,32,1,-9,1,1,2,3,4,5,6,7,8,9,10,11,12,770,843,752,760,798,783,800,786,772,737,772,743
337,42,0,-12,0,1,2,3,4,5,6,7,8,9,10,11,12,770,769,753,804,786,760,792,761,704,771,651,702
338,33,1,-12,1,1,2,3,4,5,6,7,8,9,10,11,12,770,792,763,738,774,810,773,761,835,736,831,836
339,35,0,-9,1,1,2,3,4,5,6,7,8,9,10,11,12,845,806,839,859,805,821,840,800,847,793,802,855
340,47,0,-9,1,1,2,3,4,5,6,7,8,9,10,11,12,795,850,782,802,768,744,781,779,772,799,779,809
341,49,1,-12,0,1,2,3,4,5,6,7,8,9,10,11,12,814,795,783,786,776,801,799,838,780,785,734,755
342,40,1,-9,0,1,2,3,4,5,6,7,8,9,10,11,12,774,785,781,805,780,775,821,844,894,872,811,812
343,38,0,-13,1,1,2,3,4,5,6,7,8,9,10,11,12,770,716,816,787,813,790,814,821,851,790,813,785
344,36,0,-10,1,1,2,3,4,5,6,7,8,9,10,11,12,860,824,847,821,813,798,825,829,850,786,759,779
345,42,0,-11,1,1,2,3,4,5,6,7,8,9,10,11,12,799,833,772,810,778,753,837,839,736,716,781,750
346,41,1,-11,0,1,2,3,4,5,6,7,8,9,10,11,12,809,764,781,797,770,791,757,798,781,832,803,782
347,36,1,-8,0,1,2,3,4,5,6,7,8,9,10,11,12,813,878,930,839,879,864,865,851,859,867,838,741
348,46,1,-10,1,1,2,3,4,5,6,7,8,9,10,11,12,736,854,809,831,781,777,771,806,768,786,779,781
349,28,1,-10,0,1,2,3,4,5,6,7,8,9,10,11,12,770,783,872,772,808,857,808,797,844,769,795,788
350,43,1,-6,0,1,2,3,4,5,6,7,8,9,10,11,12,872,896,870,826,771,787,821,840,797,812,875,785
351,43,0,-8,1,1,2,3,4,5,6,7,8,9,10,11,12,703,790,809,856,854,857,812,845,833,824,857,803
352,29,1,-14,0,1,2,3,4,5,6,7,8,9,10,11,12,811,772,756,793,851,807,796,792,797,848,735,791
353,36,1,-13,0,1,2,3,4,5,6,7,8,9,10,11,12,731,763,748,724,672,722,668,737,709,720,725,782
354,30,1,-7,1,1,2,3,4,5,6,7,8,9,10,11,12,914,842,832,836,840,820,796,784,763,829,776,869
355,41,0,-15,1,1,2,3,4,5,6,7,8,9,10,11,12,770,678,706,711,676,729,750,752,715,752,722,743
356,40,1,-9,0,1,2,3,4,5,6,7,8,9,10,11,12,846,877,793,827,818,759,726,780,753,783,835,843
357,35,1,-11,1,1,2,3,4,5,6,7,8,9,10,11,12,736,841,814,815,737,778,806,802,764,808,772,810
358,38,0,-10,1,1,2,3,4,5,6,7,8,9,10,11,12,766,736,769,743,761,772,757,835,773,780,843,798
359,35,0,-11,1,1,2,3,4,5,6,7,8,9,10,11,12,770,782,764,763,774,783,819,781,764,817,752,810
360,32,0,-11,1,1,2,3,4,5,6,7,8,9,10,11,12,743,783,733,799,759,734,697,756,730,761,764,760
361,38,1,-10,1,1,2,3,4,5,6,7,8,9,10,11,12,742,822,799,826,783,834,728,800,769,797,836,794
362,41,1,-10,1,1,2,3,4,5,6,7,8,9,10,11,12,767,746,746,716,766,718,703,761,779,745,756,765
363,35,0,-7,1,1,2,3,4,5,6,7,8,9,10,11,12,893,773,853,788,781,852,811,811,786,808,824,838
364,34,1,-7,0,1,2,3,4,5,6,7,8,9,10,11,12,900,858,800,825,856,844,848,848,903,894,836,845
365,45,0,-11,1,1,2,3,4,5,6,7,8,9,10,11,12,745,815,836,790,782,814,795,802,709,787,814,741
366,38,0,-8,0,1,2,3,4,5,6,7,8,9,10,11,12,832,780,802,818,791,829,811,831,795,779,780,785
367,36,0,-11,1,1,2,3,4,5,6,7,8,9,10,11,12,763,907,831,859,773,778,744,739,698,784,747,780
368,35,1,-9,0,1,2,3,4,5,6,7,8,9,10,11,12,802,817,824,825,792,789,722,789,792,866,765,806
369,36,0,-7,1,1,2,3,4,5,6,7,8,9,10,11,12,841,781,835,791,826,788,831,800,798,791,830,777
370,42,0,-11,0,1,2,3,4,5,6,7,8,9,10,11,12,729,729,802,788,792,795,765,770,796,820,906,832
371,37,0,-11,0,1,2,3,4,5,6,7,8,9,10,11,12,767,762,769,845,794,844,808,757,793,804,857,807
372,33,1,-8,1,1,2,3,4,5,6,7,8,9,10,11,12,832,805,811,773,827,790,817,806,835,819,818,818
373,44,0,-12,1,1,2,3,4,5,6,7,8,9,10,11,12,801,818,782,813,804,776,799,786,793,826,694,798
374,44,0,-9,0,1,2,3,4,5,6,7,8,9,10,11,12,770,793,781,788,772,751,759,768,781,830,769,907
375,44,1,-4,1,1,2,3,4,5,6,7,8,9,10,11,12,926,899,845,895,838,809,787,820,855,900,872,891
376,31,1,-9,1,1,2,3,4,5,6,7,8,9,10,11,12,772,821,797,854,864,844,868,846,816,862,833,778
377,35,1,-12,1,1,2,3,4,5,6,7,8,9,10,11,12,823,762,799,822,749,828,778,772,749,746,775,803
378,33,1,-8,0,1,2,3,4,5,6,7,8,9,10,11,12,867,850,767,755,718,770,731,687,705,772,773,788
379,33,1,-10,1,1,2,3,4,5,6,7,8,9,10,11,12,770,762,746,726,745,750,761,738,701,718,697,687
380,38,0,-11,1,1,2,3,4,5,6,7,8,9,10,11,12,789,817,789,812,761,815,817,825,792,797,774,689
381,34,1,-10,1,1,2,3,4,5,6,7,8,9,10,11,12,771,846,818,825,819,806,816,836,853,795,836,747
382,31,0,-8,1,1,2,3,4,5,6,7,8,9,10,11,12,777,847,836,806,800,831,792,801,823,790,813,909
383,31,0,-9,0,1,2,3,4,5,6,7,8,9,10,11,12,830,807,840,795,838,783,832,792,768,761,788,766
384,35,1,-7,1,1,2,3,4,5,6,7,8,9,10,11,12,845,868,876,855,839,885,839,841,828,845,839,812
385,31,0,-9,1,1,2,3,4,5,6,7,8,9,10,11,12,748,845,843,838,809,831,795,843,804,823,767,826
386,44,1,-8,1,1,2,3,4,5,6,7,8,9,10,11,12,857,802,837,826,828,817,816,886,841,829,813,827
387,32,0,-10,1,1,2,3,4,5,6,7,8,9,10,11,12,898,814,827,802,855,800,823,793,841,833,860,850
388,30,1,-8,1,1,2,3,4,5,6,7,8,9,10,11,12,727,835,822,880,841,865,820,909,865,904,916,887
389,36,0,-12,1,1,2,3,4,5,6,7,8,9,10,11,12,770,732,729,728,737,738,792,766,711,716,719,715
390,31,0,-10,1,1,2,3,4,5,6,7,8,9,10,11,12,794,787,866,804,751,799,788,772,731,745,760,751
391,35,0,-10,1,1,2,3,4,5,6,7,8,9,10,11,12,825,859,856,802,834,785,737,762,837,791,763,846
392,43,0,-10,1,1,2,3,4,5,6,7,8,9,10,11,12,770,790,775,746,703,757,755,760,797,763,704,748
393,29,1,-12,0,1,2,3,4,5,6,7,8,9,10,11,12,810,812,865,810,836,837,831,843,831,839,860,890
394,38,1,-13,1,1,2,3,4,5,6,7,8,9,10,11,12,770,816,727,818,799,851,813,853,809,856,848,761
395,38,0,-7,0,1,2,3,4,5,6,7,8,9,10,11,12,750,803,848,832,780,829,832,875,846,868,879,875
396,41,0,-11,1,1,2,3,4,5,6,7,8,9,10,11,12,768,842,815,784,781,795,780,873,811,812,841,771
397,32,0,-15,1,1,2,3,4,5,6,7,8,9,10,11,12,770,808,785,768,731,748,702,744,685,679,693,682
398,25,1,-12,0,1,2,3,4,5,6,7,8,9,10,11,12,770,804,794,777,816,804,777,862,778,817,867,836
399,30,0,-10,0,1,2,3,4,5,6,7,8,9,10,11,12,824,786,721,769,737,750,709,766,801,757,771,740
400,29,1,-10,0,1,2,3,4,5,6,7,8,9,10,11,12,791,770,742,773,760,793,786,832,818,824,826,833
401,39,0,-7,0,1,2,3,4,5,6,7,8,9,10,11,12,923,878,852,860,811,819,792,889,880,808,731,769
402,28,1,-3,0,1,2,3,4,5,6,7,8,9,10,11,12,981,822,843,838,913,816,796,788,874,807,844,893
403,39,0,-11,0,1,2,3,4,5,6,7,8,9,10,11,12,806,840,793,810,763,723,752,762,752,747,822,781
404,35,1,-4,0,1,2,3,4,5,6,7,8,9,10,11,12,955,923,835,835,848,849,842,861,869,868,814,843
405,41,1,-10,1,1,2,3,4,5,6,7,8,9,10,11,12,737,796,805,774,791,757,750,720,819,777,739,791
406,37,1,-11,1,1,2,3,4,5,6,7,8,9,10,11,12,765,747,756,774,761,746,722,786,811,798,819,791
407,37,1,-10,0,1,2,3,4,5,6,7,8,9,10,11,12,836,876,790,843,826,785,819,814,778,784,800,814
408,41,1,-12,1,1,2,3,4,5,6,7,8,9,10,11,12,766,756,739,795,756,753,743,739,797,827,759,750
409,47,0,-13,0,1,2,3,4,5,6,7,8,9,10,11,12,722,713,730,713,720,743,709,709,746,723,716,739
410,34,1,-15,1,1,2,3,4,5,6,7,8,9,10,11,12,733,763,814,829,770,786,848,800,770,768,812,760
411,36,1,-11,1,1,2,3,4,5,6,7,8,9,10,11,12,760,791,785,783,798,800,799,805,798,773,808,753
412,31,1,-11,1,1,2,3,4,5,6,7,8,9,10,11,12,804,823,822,829,830,845,811,825,795,824,823,869
413,41,1,-8,1,1,2,3,4,5,6,7,8,9,10,11,12,837,830,791,818,859,820,843,887,946,840,864,833
414,31,0,-6,1,1,2,3,4,5,6,7,8,9,10,11,12,888,821,780,814,789,834,791,791,814,797,830,813
415,33,1,-12,0,1,2,3,4,5,6,7,8,9,10,11,12,770,767,827,804,917,819,803,814,832,823,796,772
416,40,0,-7,1,1,2,3,4,5,6,7,8,9,10,11,12,745,846,850,891,803,852,811,838,794,766,808,772
417,40,1,-12,1,1,2,3,4,5,6,7,8,9,10,11,12,806,807,843,799,761,775,803,730,777,786,786,695
418,39,1,-8,0,1,2,3,4,5,6,7,8,9,10,11,12,744,864,870,905,901,888,936,873,810,850,798,805
419,36,1,-11,1,1,2,3,4,5,6,7,8,9,10,11,12,784,816,785,766,797,823,885,788,836,797,761,786
420,30,1,-9,1,1,2,3,4,5,6,7,8,9,10,11,12,868,887,883,889,822,871,834,837,812,817,812,734
421,43,0,-14,1,1,2,3,4,5,6,7,8,9,10,11,12,770,763,738,822,840,775,758,749,801,723,754,719
422,37,1,-12,0,1,2,3,4,5,6,7,8,9,10,11,12,823,757,731,743,721,725,717,826,820,803,794,763
423,36,0,-6,0,1,2,3,4,5,6,7,8,9,10,11,12,794,861,830,779,744,768,721,770,778,798,772,854
424,44,0,-11,1,1,2,3,4,5,6,7,8,9,10,11,12,784,815,788,790,714,762,776,757,708,813,762,816
425,41,1,-11,0,1,2,3,4,5,6,7,8,9,10,11,12,846,794,774,767,735,798,820,752,779,796,745,775
426,39,1,-5,0,1,2,3,4,5,6,7,8,9,10,11,12,901,799,835,823,817,802,806,859,751,753,820,829
427,34,0,-9,1,1,2,3,4,5,6,7,8,9,10,11,12,706,840,840,802,819,832,817,715,746,732,747,797
428,37,1,-11,1,1,2,3,4,5,6,7,8,9,10,11,12,743,846,853,800,821,781,846,790,860,767,782,829
429,31,0,-10,0,1,2,3,4,5,6,7,8,9,10,11,12,837,881,916,870,862,871,826,800,814,772,829,777
430,51,1,-11,1,1,2,3,4,5,6,7,8,9,10,11,12,818,783,838,821,747,790,827,733,757,821,799,789
431,43,1,-11,1,1,2,3,4,5,6,7,8,9,10,11,12,770,749,775,788,807,795,850,797,804,790,804,799
432,31,0,-9,1,1,2,3,4,5,6,7,8,9,10,11,12,805,870,882,877,852,809,860,812,776,804,850,806
433,42,1,-6,1,1,2,3,4,5,6,7,8,9,10,11,12,857,849,827,848,779,821,804,869,819,874,824,759
434,31,0,-14,1,1,2,3,4,5,6,7,8,9,10,11,12,770,710,702,704,691,693,704,739,684,723,759,691
435,37,0,-12,0,1,2,3,4,5,6,7,8,9,10,11,12,785,798,723,747,759,810,746,754,787,720,725,766
436,32,1,-10,0,1,2,3,4,5,6,7,8,9,10,11,12,795,846,823,894,823,840,800,807,816,812,869,837
437,40,1,-7,0,1,2,3,4,5,6,7,8,9,10,11,12,889,813,777,757,795,775,793,804,838,830,854,863
438,33,1,-10,1,1,2,3,4,5,6,7,8,9,10,11,12,833,836,806,872,812,867,817,796,826,810,854,828
439,43,0,-14,1,1,2,3,4,5,6,7,8,9,10,11,12,770,734,768,749,716,749,747,791,759,747,773,680
440,35,0,-11,1,1,2,3,4,5,6,7,8,9,10,11,12,737,786,773,768,790,789,774,767,739,775,762,774
441,34,1,-15,0,1,2,3,4,5,6,7,8,9,10,11,12,770,829,753,835,750,756,784,770,741,779,733,777
442,32,1,-9,1,1,2,3,4,5,6,7,8,9,10,11,12,780,833,850,885,866,819,831,812,820,841,856,876
443,28,1,-8,1,1,2,3,4,5,6,7,8,9,10,11,12,770,789,736,788,836,778,822,767,764,811,778,787
444,30,1,-11,1,1,2,3,4,5,6,7,8,9,10,11,12,838,836,812,743,772,774,740,798,777,775,782,805
445,39,0,-17,0,1,2,3,4,5,6,7,8,9,10,11,12,770,823,780,814,744,727,700,716,738,755,687,666
446,36,1,-9,1,1,2,3,4,5,6,7,8,9,10,11,12,840,830,868,868,784,849,823,845,786,837,825,751
447,37,1,-10,0,1,2,3,4,5,6,7,8,9,10,11,12,796,764,761,762,811,808,829,835,870,831,831,850
448,36,1,-9,1,1,2,3,4,5,6,7,8,9,10,11,12,794,794,806,775,770,779,787,799,789,780,775,825
449,39,1,-15,0,1,2,3,4,5,6,7,8,9,10,11,12,770,695,744,713,717,760,692,651,683,694,730,730
450,34,0,-7,1,1,2,3,4,5,6,7,8,9,10,11,12,939,795,803,818,792,769,779,819,755,796,753,843
451,42,0,-9,1,1,2,3,4,5,6,7,8,9,10,11,12,717,830,817,760,771,807,738,727,747,731,819,687
452,29,0,-12,0,1,2,3,4,5,6,7,8,9,10,11,12,713,806,809,785,796,792,807,824,852,807,799,803
453,38,0,-8,0,1,2,3,4,5,6,7,8,9,10,11,12,959,836,851,822,854,817,858,813,811,806,781,793
454,41,1,-13,1,1,2,3,4,5,6,7,8,9,10,11,12,770,736,777,782,727,739,747,761,690,764,764,754
455,51,0,-9,1,1,2,3,4,5,6,7,8,9,10,11,12,753,803,827,802,763,775,840,837,815,783,795,777
456,34,0,-5,0,1,2,3,4,5,6,7,8,9,10,11,12,903,778,836,835,850,869,865,798,832,844,968,882
457,41,1,-11,1,1,2,3,4,5,6,7,8,9,10,11,12,802,795,797,801,846,845,782,783,918,791,775,743
458,49,0,-10,0,1,2,3,4,5,6,7,8,9,10,11,12,751,828,815,750,862,763,772,768,781,779,753,852
459,31,1,-6,1,1,2,3,4,5,6,7,8,9,10,11,12,912,833,801,815,834,793,823,814,836,818,800,776
460,34,0,-9,1,1,2,3,4,5,6,7,8,9,10,11,12,855,815,836,796,759,760,744,797,802,758,744,831
461,41,1,-12,0,1,2,3,4,5,6,7,8,9,10,11,12,770,731,763,728,765,791,783,764,793,763,742,765
462,39,1,-14,1,1,2,3,4,5,6,7,8,9,10,11,12,731,764,717,751,772,756,769,769,790,794,780,755
463,47,1,-11,1,1,2,3,4,5,6,7,8,9,10,11,12,770,809,728,805,767,739,714,792,685,804,769,773
464,40,1,-11,0,1,2,3,4,5,6,7,8,9,10,11,12,844,828,781,788,790,789,762,811,771,788,767,857
465,40,0,-7,0,1,2,3,4,5,6,7,8,9,10,11,12,749,762,741,748,760,738,793,785,784,759,792,751
466,37,1,-10,0,1,2,3,4,5,6,7,8,9,10,11,12,829,775,767,806,819,813,828,751,777,765,829,886
467,33,1,-10,0,1,2,3,4,5,6,7,8,9,10,11,12,863,826,779,784,831,803,769,813,763,808,805,816
468,39,0,-9,1,1,2,3,4,5,6,7,8,9,10,11,12,767,834,793,854,783,786,779,739,812,787,727,721
469,38,0,-11,0,1,2,3,4,5,6,7,8,9,10,11,12,876,811,718,845,794,780,761,822,777,797,780,745
470,37,0,-11,0,1,2,3,4,5,6,7,8,9,10,11,12,885,814,754,779,709,780,731,758,763,766,789,736
471,41,0,-12,1,1,2,3,4,5,6,7,8,9,10,11,12,770,769,770,823,761,750,745,787,784,800,850,801
472,36,0,-10,0,1,2,3,4,5,6,7,8,9,10,11,12,770,765,772,799,806,781,815,795,800,755,768,763
473,50,0,-11,1,1,2,3,4,5,6,7,8,9,10,11,12,800,807,807,775,756,744,752,779,703,731,762,688
474,45,0,-12,0,1,2,3,4,5,6,7,8,9,10,11,12,717,790,705,737,699,742,803,758,783,699,709,677
475,35,0,-11,1,1,2,3,4,5,6,7,8,9,10,11,12,773,864,774,828,838,810,796,784,779,788,751,790
476,45,1,-10,1,1,2,3,4,5,6,7,8,9,10,11,12,767,796,795,814,775,827,817,832,781,793,738,815
477,43,0,-9,1,1,2,3,4,5,6,7,8,9,10,11,12,785,788,792,728,772,767,727,660,799,765,761,734
478,38,1,-11,1,1,2,3,4,5,6,7,8,9,10,11,12,770,790,774,765,801,798,742,797,756,814,815,767
479,31,0,-9,1,1,2,3,4,5,6,7,8,9,10,11,12,870,874,851,795,841,852,784,803,788,815,799,843
480,33,1,-12,0,1,2,3,4,5,6,7,8,9,10,11,12,717,871,832,779,826,822,756,818,831,796,794,762
481,36,1,-8,0,1,2,3,4,5,6,7,8,9,10,11,12,884,802,777,797,821,794,821,826,755,842,818,839
482,38,1,-10,0,1,2,3,4,5,6,7,8,9,10,11,12,771,824,764,776,776,778,838,865,825,837,811,743
483,38,0,-13,0,1,2,3,4,5,6,7,8,9,10,11,12,767,774,823,775,748,801,765,796,766,725,666,749
484,47,1,-10,0,1,2,3,4,5,6,7,8,9,10,11,12,850,781,774,769,783,746,812,786,792,768,849,802
485,38,0,-12,1,1,2,3,4,5,6,7,8,9,10,11,12,767,789,797,760,759,813,760,758,792,749,770,761
486,36,1,-15,0,1,2,3,4,5,6,7,8,9,10,11,12,770,751,745,775,755,758,749,757,773,766,701,777
487,34,1,-11,0,1,2,3,4,5,6,7,8,9,10,11,12,777,832,826,883,815,881,839,859,860,854,884,820
488,40,0,-6,0,1,2,3,4,5,6,7,8,9,10,11,12,830,837,733,789,831,829,789,818,798,816,807,770
489,36,1,-13,0,1,2,3,4,5,6,7,8,9,10,11,12,790,829,779,809,759,801,814,808,788,806,767,808
490,31,0,-11,1,1,2,3,4,5,6,7,8,9,10,11,12,867,764,843,784,796,801,689,769,719,733,779,778
491,43,0,-10,1,1,2,3,4,5,6,7,8,9,10,11,12,797,793,824,768,831,795,822,847,769,751,811,779
492,29,1,-11,1,1,2,3,4,5,6,7,8,9,10,11,12,745,819,778,773,822,764,794,792,800,782,844,819
493,40,1,-15,1,1,2,3,4,5,6,7,8,9,10,11,12,770,707,725,705,673,787,714,760,647,736,710,725
494,47,1,-10,1,1,2,3,4,5,6,7,8,9,10,11,12,765,812,790,808,717,773,871,825,771,799,766,794
495,31,0,-9,1,1,2,3,4,5,6,7,8,9,10,11,12,752,889,804,832,748,801,784,793,796,874,779,770
496,26,1,-9,1,1,2,3,4,5,6,7,8,9,10,11,12,747,872,830,838,867,823,816,879,882,865,861,836
497,44,1,-11,1,1,2,3,4,5,6,7,8,9,10,11,12,840,857,823,899,822,820,797,820,794,794,773,848
498,32,0,-8,0,1,2,3,4,5,6,7,8,9,10,11,12,871,793,845,776,779,808,855,855,783,814,824,736
499,33,0,-9,0,1,2,3,4,5,6,7,8,9,10,11,12,727,856,827,792,774,841,818,816,804,799,810,669
500,39,0,-7,0,1,2,3,4,5,6,7,8,9,10,11,12,833,865,826,845,844,848,807,792,863,772,836,784
